{"name":"Sort products","id":"products;sort-products","testSteps":[{"number":1,"description":"Example #1: {value\u003dname_asc, products_ordered\u003dSauce Labs Backpack,Test.allTheThings() T-Shirt (Red)}","duration":3854,"startTime":"2021-08-10T03:21:29.457Z[GMT]","screenshots":[{"screenshot":"72f23585c1c6257e3fc0aa684796d005787f3c7edb40cfc3c8dbe826d52fd54a.png","timeStamp":1628565693311}],"result":"SUCCESS","precondition":false,"level":0,"children":[{"number":2,"description":"Given I am on the site","duration":1186,"startTime":"2021-08-10T03:21:29.458Z[GMT]","screenshots":[{"screenshot":"3a59cd164c700ecec3c2b4728b66233085d72e1a32dec94a4fce49fe1550e5f9.png","timeStamp":1628565690644}],"result":"SUCCESS","precondition":false,"level":1},{"number":3,"description":"When I login with my \"standard_user\" and \"secret_sauce\"","duration":851,"startTime":"2021-08-10T03:21:30.645Z[GMT]","screenshots":[{"screenshot":"4e0c718c90d8ba454bf678803ea8f1bcfa46a1b0ec862db8801e66a0faa41f49.png","timeStamp":1628565691496}],"result":"SUCCESS","precondition":false,"level":1},{"number":4,"description":"Then I should see the product page","duration":284,"startTime":"2021-08-10T03:21:31.496Z[GMT]","screenshots":[{"screenshot":"d8d01a5957d5627f6da91f9d0d5a38db7985254710228fadabd385cf883d8215.png","timeStamp":1628565691780}],"result":"SUCCESS","precondition":false,"level":1},{"number":5,"description":"Given I am on the products page","duration":306,"startTime":"2021-08-10T03:21:31.780Z[GMT]","screenshots":[{"screenshot":"fbe5a65d3930847f63a9ab05b07598f2c59b64e39ef06d2133253b7dfc0f3dcc.png","timeStamp":1628565692086}],"result":"SUCCESS","precondition":false,"level":1},{"number":6,"description":"When I Sort products by \"name_asc\"","duration":681,"startTime":"2021-08-10T03:21:32.086Z[GMT]","screenshots":[{"screenshot":"72f23585c1c6257e3fc0aa684796d005787f3c7edb40cfc3c8dbe826d52fd54a.png","timeStamp":1628565692767}],"result":"SUCCESS","precondition":false,"level":1},{"number":7,"description":"Then I should see the products ordered \"Sauce Labs Backpack,Test.allTheThings() T-Shirt (Red)\"","duration":543,"startTime":"2021-08-10T03:21:32.767Z[GMT]","screenshots":[{"screenshot":"72f23585c1c6257e3fc0aa684796d005787f3c7edb40cfc3c8dbe826d52fd54a.png","timeStamp":1628565693310}],"result":"SUCCESS","precondition":false,"level":1}]},{"number":8,"description":"Example #2: {value\u003dname_desc, products_ordered\u003dTest.allTheThings() T-Shirt (Red),Sauce Labs Backpack}","duration":5123,"startTime":"2021-08-10T03:21:33.377Z[GMT]","screenshots":[{"screenshot":"25364803ab86511c237f5d6c0ba8cc5c208c764516ef92da966029c9d5e75b41.png","timeStamp":1628565698500}],"result":"SUCCESS","precondition":false,"level":0,"children":[{"number":9,"description":"Given I am on the site","duration":1141,"startTime":"2021-08-10T03:21:33.377Z[GMT]","screenshots":[{"screenshot":"3a59cd164c700ecec3c2b4728b66233085d72e1a32dec94a4fce49fe1550e5f9.png","timeStamp":1628565694518}],"result":"SUCCESS","precondition":false,"level":1},{"number":10,"description":"When I login with my \"standard_user\" and \"secret_sauce\"","duration":1043,"startTime":"2021-08-10T03:21:34.518Z[GMT]","screenshots":[{"screenshot":"6e28d25d7d5c94b92200dce6d1f75a5e52144a98ea25b2aa66bcfd58c690ba89.png","timeStamp":1628565695561}],"result":"SUCCESS","precondition":false,"level":1},{"number":11,"description":"Then I should see the product page","duration":515,"startTime":"2021-08-10T03:21:35.562Z[GMT]","screenshots":[{"screenshot":"adce9c402f9c4bb9c3b84d378afabde03e3e6a43060be2bd16f88d7c558d9036.png","timeStamp":1628565696077}],"result":"SUCCESS","precondition":false,"level":1},{"number":12,"description":"Given I am on the products page","duration":392,"startTime":"2021-08-10T03:21:36.078Z[GMT]","screenshots":[{"screenshot":"6416cb2d96f358f387da89538d6cbef4ef5080605903af01361ffdc02939d8d1.png","timeStamp":1628565696469}],"result":"SUCCESS","precondition":false,"level":1},{"number":13,"description":"When I Sort products by \"name_desc\"","duration":1248,"startTime":"2021-08-10T03:21:36.470Z[GMT]","screenshots":[{"screenshot":"25364803ab86511c237f5d6c0ba8cc5c208c764516ef92da966029c9d5e75b41.png","timeStamp":1628565697718}],"result":"SUCCESS","precondition":false,"level":1},{"number":14,"description":"Then I should see the products ordered \"Test.allTheThings() T-Shirt (Red),Sauce Labs Backpack\"","duration":780,"startTime":"2021-08-10T03:21:37.719Z[GMT]","screenshots":[{"screenshot":"25364803ab86511c237f5d6c0ba8cc5c208c764516ef92da966029c9d5e75b41.png","timeStamp":1628565698499}],"result":"SUCCESS","precondition":false,"level":1}]},{"number":15,"description":"Example #3: {value\u003dprice_asc, products_ordered\u003dSauce Labs Onesie,Sauce Labs Fleece Jacket}","duration":4592,"startTime":"2021-08-10T03:21:38.570Z[GMT]","screenshots":[{"screenshot":"fdaf1c24838a03aa75835ddc308dff170e7a41e921946c655a43530dc39cfee3.png","timeStamp":1628565703162}],"result":"SUCCESS","precondition":false,"level":0,"children":[{"number":16,"description":"Given I am on the site","duration":1586,"startTime":"2021-08-10T03:21:38.571Z[GMT]","screenshots":[{"screenshot":"3a59cd164c700ecec3c2b4728b66233085d72e1a32dec94a4fce49fe1550e5f9.png","timeStamp":1628565700157}],"result":"SUCCESS","precondition":false,"level":1},{"number":17,"description":"When I login with my \"standard_user\" and \"secret_sauce\"","duration":1064,"startTime":"2021-08-10T03:21:40.157Z[GMT]","screenshots":[{"screenshot":"10bbfbfb7de2262c5a9f04a3b60db92e67dd9a00f198d1697e13ae30e2ebb853.png","timeStamp":1628565701221}],"result":"SUCCESS","precondition":false,"level":1},{"number":18,"description":"Then I should see the product page","duration":331,"startTime":"2021-08-10T03:21:41.221Z[GMT]","screenshots":[{"screenshot":"fbe5a65d3930847f63a9ab05b07598f2c59b64e39ef06d2133253b7dfc0f3dcc.png","timeStamp":1628565701552}],"result":"SUCCESS","precondition":false,"level":1},{"number":19,"description":"Given I am on the products page","duration":338,"startTime":"2021-08-10T03:21:41.552Z[GMT]","screenshots":[{"screenshot":"b9e9452a4d94757200441a3c243a3235e300b96bdd538f70f1e6335fc71bbdfc.png","timeStamp":1628565701890}],"result":"SUCCESS","precondition":false,"level":1},{"number":20,"description":"When I Sort products by \"price_asc\"","duration":732,"startTime":"2021-08-10T03:21:41.891Z[GMT]","screenshots":[{"screenshot":"fdaf1c24838a03aa75835ddc308dff170e7a41e921946c655a43530dc39cfee3.png","timeStamp":1628565702623}],"result":"SUCCESS","precondition":false,"level":1},{"number":21,"description":"Then I should see the products ordered \"Sauce Labs Onesie,Sauce Labs Fleece Jacket\"","duration":538,"startTime":"2021-08-10T03:21:42.623Z[GMT]","screenshots":[{"screenshot":"fdaf1c24838a03aa75835ddc308dff170e7a41e921946c655a43530dc39cfee3.png","timeStamp":1628565703160}],"result":"SUCCESS","precondition":false,"level":1}]},{"number":22,"description":"Example #4: {value\u003dprice_desc, products_ordered\u003dSauce Labs Fleece Jacket,Sauce Labs Onesie}","duration":4604,"startTime":"2021-08-10T03:21:43.240Z[GMT]","screenshots":[{"screenshot":"a26ad9979636c129ddbef94225ef04a1d9500910498eb6e7deaaf3b3956f1ee4.png","timeStamp":1628565707844}],"result":"SUCCESS","precondition":false,"level":0,"children":[{"number":23,"description":"Given I am on the site","duration":1319,"startTime":"2021-08-10T03:21:43.241Z[GMT]","screenshots":[{"screenshot":"3a59cd164c700ecec3c2b4728b66233085d72e1a32dec94a4fce49fe1550e5f9.png","timeStamp":1628565704560}],"result":"SUCCESS","precondition":false,"level":1},{"number":24,"description":"When I login with my \"standard_user\" and \"secret_sauce\"","duration":1072,"startTime":"2021-08-10T03:21:44.560Z[GMT]","screenshots":[{"screenshot":"bd8bfb35dd1fd945237198182d270e0517df42f1934a20d32ab73f9cb2773b94.png","timeStamp":1628565705632}],"result":"SUCCESS","precondition":false,"level":1},{"number":25,"description":"Then I should see the product page","duration":395,"startTime":"2021-08-10T03:21:45.632Z[GMT]","screenshots":[{"screenshot":"f723bd5a299a61cd4ec63f1d225dc20428f5399f26295e3bda4c0cc1772f54c3.png","timeStamp":1628565706027}],"result":"SUCCESS","precondition":false,"level":1},{"number":26,"description":"Given I am on the products page","duration":367,"startTime":"2021-08-10T03:21:46.028Z[GMT]","screenshots":[{"screenshot":"b9e9452a4d94757200441a3c243a3235e300b96bdd538f70f1e6335fc71bbdfc.png","timeStamp":1628565706394}],"result":"SUCCESS","precondition":false,"level":1},{"number":27,"description":"When I Sort products by \"price_desc\"","duration":974,"startTime":"2021-08-10T03:21:46.395Z[GMT]","screenshots":[{"screenshot":"a26ad9979636c129ddbef94225ef04a1d9500910498eb6e7deaaf3b3956f1ee4.png","timeStamp":1628565707368}],"result":"SUCCESS","precondition":false,"level":1},{"number":28,"description":"Then I should see the products ordered \"Sauce Labs Fleece Jacket,Sauce Labs Onesie\"","duration":473,"startTime":"2021-08-10T03:21:47.369Z[GMT]","screenshots":[{"screenshot":"a26ad9979636c129ddbef94225ef04a1d9500910498eb6e7deaaf3b3956f1ee4.png","timeStamp":1628565707842}],"result":"SUCCESS","precondition":false,"level":1}]}],"userStory":{"id":"products","storyName":"Products","path":"products.feature","type":"feature"},"featureTag":{"name":"Products","type":"feature"},"title":"Sort products","backgroundTitle":"","backgroundDescription":"","tags":[{"name":"Products","type":"feature"},{"name":"ProductCases","type":"tag"},{"name":"AllCases","type":"tag"},{"name":"TestCase_6","type":"tag"}],"startTime":"2021-08-10T03:21:29.451Z[GMT]","duration":20478,"projectKey":"","sessionId":"e459a94579d0fd54007bb2f9e8306113","driver":"remote","dataTable":{"headers":["value","products_ordered"],"rows":[{"values":["name_asc","Sauce Labs Backpack,Test.allTheThings() T-Shirt (Red)"],"result":"SUCCESS"},{"values":["name_desc","Test.allTheThings() T-Shirt (Red),Sauce Labs Backpack"],"result":"SUCCESS"},{"values":["price_asc","Sauce Labs Onesie,Sauce Labs Fleece Jacket"],"result":"SUCCESS"},{"values":["price_desc","Sauce Labs Fleece Jacket,Sauce Labs Onesie"],"result":"SUCCESS"}],"predefinedRows":true,"scenarioOutline":"Given I am on the products page\n\rWhen I Sort products by \"\u003cvalue\u003e\"\n\rThen I should see the products ordered \"\u003cproducts_ordered\u003e\"\n\r","dataSetDescriptors":[{"startRow":0,"rowCount":0,"name":""}]},"manual":false,"testSource":"Cucumber","result":"SUCCESS","scenarioOutline":"Given I am on the products page\n\rWhen I Sort products by \"\u003cvalue\u003e\"\n\rThen I should see the products ordered \"\u003cproducts_ordered\u003e\"\n\r"}