{"name":"I should see an error message when entering some blank credentials.","id":"authentication;i-should-see-an-error-message-when-entering-some-blank-credentials.","testSteps":[{"number":1,"description":"Example #1: {user_name\u003dstandard_user, password\u003d, message\u003dEpic sadface: Password is required}","duration":2268,"startTime":"2021-08-10T03:21:08.404Z[GMT]","screenshots":[{"screenshot":"1272f530abbfc5601ee0dd5bba0cc84b2f66533c72001d160889d2cf2bec2001.png","timeStamp":1628565670672}],"result":"SUCCESS","precondition":false,"level":0,"children":[{"number":2,"description":"Given I am on the site","duration":1146,"startTime":"2021-08-10T03:21:08.404Z[GMT]","screenshots":[{"screenshot":"3a59cd164c700ecec3c2b4728b66233085d72e1a32dec94a4fce49fe1550e5f9.png","timeStamp":1628565669550}],"result":"SUCCESS","precondition":false,"level":1},{"number":3,"description":"When I login with my \"standard_user\" and \"\"","duration":853,"startTime":"2021-08-10T03:21:09.551Z[GMT]","screenshots":[{"screenshot":"1272f530abbfc5601ee0dd5bba0cc84b2f66533c72001d160889d2cf2bec2001.png","timeStamp":1628565670404}],"result":"SUCCESS","precondition":false,"level":1},{"number":4,"description":"Then I should see the error Epic sadface: Password is required","duration":267,"startTime":"2021-08-10T03:21:10.404Z[GMT]","screenshots":[{"screenshot":"1272f530abbfc5601ee0dd5bba0cc84b2f66533c72001d160889d2cf2bec2001.png","timeStamp":1628565670671}],"result":"SUCCESS","precondition":false,"level":1}]},{"number":5,"description":"Example #2: {user_name\u003d, password\u003dsecret_sauce, message\u003dEpic sadface: Username is required}","duration":2168,"startTime":"2021-08-10T03:21:10.737Z[GMT]","screenshots":[{"screenshot":"df94757ef4d8847bd79ab6b24b8faab7918bf06535227bdc73fd7427e2beb287.png","timeStamp":1628565672905}],"result":"SUCCESS","precondition":false,"level":0,"children":[{"number":6,"description":"Given I am on the site","duration":1190,"startTime":"2021-08-10T03:21:10.737Z[GMT]","screenshots":[{"screenshot":"3a59cd164c700ecec3c2b4728b66233085d72e1a32dec94a4fce49fe1550e5f9.png","timeStamp":1628565671927}],"result":"SUCCESS","precondition":false,"level":1},{"number":7,"description":"When I login with my \"\" and \"secret_sauce\"","duration":715,"startTime":"2021-08-10T03:21:11.928Z[GMT]","screenshots":[{"screenshot":"df94757ef4d8847bd79ab6b24b8faab7918bf06535227bdc73fd7427e2beb287.png","timeStamp":1628565672643}],"result":"SUCCESS","precondition":false,"level":1},{"number":8,"description":"Then I should see the error Epic sadface: Username is required","duration":258,"startTime":"2021-08-10T03:21:12.644Z[GMT]","screenshots":[{"screenshot":"df94757ef4d8847bd79ab6b24b8faab7918bf06535227bdc73fd7427e2beb287.png","timeStamp":1628565672902}],"result":"SUCCESS","precondition":false,"level":1}]},{"number":9,"description":"Example #3: {user_name\u003d, password\u003d, message\u003dEpic sadface: Username is required}","duration":2091,"startTime":"2021-08-10T03:21:12.971Z[GMT]","screenshots":[{"screenshot":"9d68de7785477d7564375a35c8a621648f9132465d139f79ed87a0c536c15568.png","timeStamp":1628565675062}],"result":"SUCCESS","precondition":false,"level":0,"children":[{"number":10,"description":"Given I am on the site","duration":1138,"startTime":"2021-08-10T03:21:12.971Z[GMT]","screenshots":[{"screenshot":"3a59cd164c700ecec3c2b4728b66233085d72e1a32dec94a4fce49fe1550e5f9.png","timeStamp":1628565674109}],"result":"SUCCESS","precondition":false,"level":1},{"number":11,"description":"When I login with my \"\" and \"\"","duration":674,"startTime":"2021-08-10T03:21:14.110Z[GMT]","screenshots":[{"screenshot":"9d68de7785477d7564375a35c8a621648f9132465d139f79ed87a0c536c15568.png","timeStamp":1628565674784}],"result":"SUCCESS","precondition":false,"level":1},{"number":12,"description":"Then I should see the error Epic sadface: Username is required","duration":277,"startTime":"2021-08-10T03:21:14.784Z[GMT]","screenshots":[{"screenshot":"9d68de7785477d7564375a35c8a621648f9132465d139f79ed87a0c536c15568.png","timeStamp":1628565675061}],"result":"SUCCESS","precondition":false,"level":1}]}],"userStory":{"id":"authentication","storyName":"authentication","path":"auth.feature","type":"feature"},"featureTag":{"name":"authentication","type":"feature"},"title":"I should see an error message when entering some blank credentials.","tags":[{"name":"TestCase_3","type":"tag"},{"name":"AllCases","type":"tag"},{"name":"AuthCases","type":"tag"},{"name":"authentication","type":"feature"}],"startTime":"2021-08-10T03:21:08.403Z[GMT]","duration":7320,"projectKey":"","sessionId":"593b78debdca3489d33fecef6fcaaed5","driver":"remote","dataTable":{"headers":["user_name","password","message"],"rows":[{"values":["standard_user","","Epic sadface: Password is required"],"result":"SUCCESS"},{"values":["","secret_sauce","Epic sadface: Username is required"],"result":"SUCCESS"},{"values":["","","Epic sadface: Username is required"],"result":"SUCCESS"}],"predefinedRows":true,"scenarioOutline":"Given I am on the site\n\rWhen I login with my \"\u003cuser_name\u003e\" and \"\u003cpassword\u003e\"\n\rThen I should see the error \u003cmessage\u003e\n\r","dataSetDescriptors":[{"startRow":0,"rowCount":0,"name":""}]},"manual":false,"testSource":"Cucumber","result":"SUCCESS","scenarioOutline":"Given I am on the site\n\rWhen I login with my \"\u003cuser_name\u003e\" and \"\u003cpassword\u003e\"\n\rThen I should see the error \u003cmessage\u003e\n\r"}