"Story","Title","Result","Date","Stability","Duration (s)"
"authentication","I should be able to log in to the application with the correct credentials.","SUCCESS","2021-08-10T03:20:18.213Z[GMT]","0.0","40.32"
"authentication","I should see an error message when entering incorrect credentials.","SUCCESS","2021-08-10T03:20:58.539Z[GMT]","0.0","9.86"
"authentication","I should see an error message when entering some blank credentials.","SUCCESS","2021-08-10T03:21:08.403Z[GMT]","0.0","7.32"
"authentication","I should be able to see the login page when I logout.","SUCCESS","2021-08-10T03:21:15.724Z[GMT]","0.0","3.88"
"authentication","I should not be able to enter the product page without logging in.","SUCCESS","2021-08-10T03:21:19.602Z[GMT]","0.0","2.99"
