{"name":"add Product to the cart","id":"products;add-product-to-the-cart","testSteps":[{"number":1,"description":"Given I am on the site","duration":1177,"startTime":"2021-08-10T03:21:49.931Z[GMT]","screenshots":[{"screenshot":"3a59cd164c700ecec3c2b4728b66233085d72e1a32dec94a4fce49fe1550e5f9.png","timeStamp":1628565711108}],"result":"SUCCESS","precondition":false,"level":0},{"number":2,"description":"When I login with my \"standard_user\" and \"secret_sauce\"","duration":1019,"startTime":"2021-08-10T03:21:51.108Z[GMT]","screenshots":[{"screenshot":"bd8bfb35dd1fd945237198182d270e0517df42f1934a20d32ab73f9cb2773b94.png","timeStamp":1628565712127}],"result":"SUCCESS","precondition":false,"level":0},{"number":3,"description":"Then I should see the product page","duration":434,"startTime":"2021-08-10T03:21:52.127Z[GMT]","screenshots":[{"screenshot":"fbe5a65d3930847f63a9ab05b07598f2c59b64e39ef06d2133253b7dfc0f3dcc.png","timeStamp":1628565712561}],"result":"SUCCESS","precondition":false,"level":0},{"number":4,"description":"Given I am on the products page","duration":359,"startTime":"2021-08-10T03:21:52.561Z[GMT]","screenshots":[{"screenshot":"57958534296e30e899d902472adebdfc59fb3e071819df5ed1b340dd286ef435.png","timeStamp":1628565712920}],"result":"SUCCESS","precondition":false,"level":0},{"number":5,"description":"When I add product to the cart","duration":584,"startTime":"2021-08-10T03:21:52.920Z[GMT]","screenshots":[{"screenshot":"3005480d197b490b65ae11491c735d35cfa6f5af7f8bc417b65481cf6c7b8a81.png","timeStamp":1628565713504}],"result":"SUCCESS","precondition":false,"level":0},{"number":6,"description":"Then I should see the products added to the cart","duration":692,"startTime":"2021-08-10T03:21:53.505Z[GMT]","screenshots":[{"screenshot":"2d5072c429495c075ccc3b15300482afe4a9df0343074dd1c7219217fd487e76.png","timeStamp":1628565714197}],"result":"SUCCESS","precondition":false,"level":0}],"userStory":{"id":"products","storyName":"Products","path":"products.feature","type":"feature"},"featureTag":{"name":"Products","type":"feature"},"title":"add Product to the cart","backgroundTitle":"","backgroundDescription":"","tags":[{"name":"Products","type":"feature"},{"name":"ProductCases","type":"tag"},{"name":"AllCases","type":"tag"},{"name":"TestCase_7","type":"tag"}],"startTime":"2021-08-10T03:21:49.929Z[GMT]","duration":4339,"projectKey":"","sessionId":"8355083dff830154b089908121bb85a1","driver":"remote","manual":false,"testSource":"Cucumber","result":"SUCCESS"}