{"name":"remove Product to the cart","id":"products;remove-product-to-the-cart","testSteps":[{"number":1,"description":"Given I am on the site","duration":1240,"startTime":"2021-08-10T03:21:54.279Z[GMT]","screenshots":[{"screenshot":"3a59cd164c700ecec3c2b4728b66233085d72e1a32dec94a4fce49fe1550e5f9.png","timeStamp":1628565715519}],"result":"SUCCESS","precondition":false,"level":0},{"number":2,"description":"When I login with my \"standard_user\" and \"secret_sauce\"","duration":885,"startTime":"2021-08-10T03:21:55.520Z[GMT]","screenshots":[{"screenshot":"aa74b51ba2ea05889ff066388292e77eca764338b9de2f4d077a4b56646b7db2.png","timeStamp":1628565716405}],"result":"SUCCESS","precondition":false,"level":0},{"number":3,"description":"Then I should see the product page","duration":328,"startTime":"2021-08-10T03:21:56.406Z[GMT]","screenshots":[{"screenshot":"3df5a606845a36cf1abedd2ef902d1719e7d89c8ce671e9ea74f3784d9109d75.png","timeStamp":1628565716734}],"result":"SUCCESS","precondition":false,"level":0},{"number":4,"description":"Given I am on the products page","duration":309,"startTime":"2021-08-10T03:21:56.734Z[GMT]","screenshots":[{"screenshot":"fbe5a65d3930847f63a9ab05b07598f2c59b64e39ef06d2133253b7dfc0f3dcc.png","timeStamp":1628565717043}],"result":"SUCCESS","precondition":false,"level":0},{"number":5,"description":"When I add product to the cart","duration":608,"startTime":"2021-08-10T03:21:57.043Z[GMT]","screenshots":[{"screenshot":"3005480d197b490b65ae11491c735d35cfa6f5af7f8bc417b65481cf6c7b8a81.png","timeStamp":1628565717651}],"result":"SUCCESS","precondition":false,"level":0},{"number":6,"description":"And I should see the products added to the cart","duration":714,"startTime":"2021-08-10T03:21:57.651Z[GMT]","screenshots":[{"screenshot":"2d5072c429495c075ccc3b15300482afe4a9df0343074dd1c7219217fd487e76.png","timeStamp":1628565718365}],"result":"SUCCESS","precondition":false,"level":0},{"number":7,"description":"And I remove product to the cart","duration":487,"startTime":"2021-08-10T03:21:58.365Z[GMT]","screenshots":[{"screenshot":"cf20818216ae30edb465b4d3258dd9605a00bd20ffa678aa06890ef2c590df5f.png","timeStamp":1628565718852}],"result":"SUCCESS","precondition":false,"level":0},{"number":8,"description":"Then I should see the shopping cart empty","duration":20230,"startTime":"2021-08-10T03:21:58.852Z[GMT]","screenshots":[{"screenshot":"cf20818216ae30edb465b4d3258dd9605a00bd20ffa678aa06890ef2c590df5f.png","timeStamp":1628565739082}],"result":"SUCCESS","precondition":false,"level":0}],"userStory":{"id":"products","storyName":"Products","path":"products.feature","type":"feature"},"featureTag":{"name":"Products","type":"feature"},"title":"remove Product to the cart","backgroundTitle":"","backgroundDescription":"","tags":[{"name":"Products","type":"feature"},{"name":"ProductCases","type":"tag"},{"name":"AllCases","type":"tag"},{"name":"TestCase_8","type":"tag"}],"startTime":"2021-08-10T03:21:54.272Z[GMT]","duration":24876,"projectKey":"","sessionId":"b4fab0e5fbe1617d2730f3153f5949a9","driver":"remote","manual":false,"testSource":"Cucumber","result":"SUCCESS"}