{"name":"make a successful purchase","id":"checkout;make-a-successful-purchase","testSteps":[{"number":1,"description":"Given I am on the site","duration":1170,"startTime":"2021-08-10T03:21:22.598Z[GMT]","screenshots":[{"screenshot":"3a59cd164c700ecec3c2b4728b66233085d72e1a32dec94a4fce49fe1550e5f9.png","timeStamp":1628565683768}],"result":"SUCCESS","precondition":false,"level":0},{"number":2,"description":"When I login with my \"standard_user\" and \"secret_sauce\"","duration":1166,"startTime":"2021-08-10T03:21:23.768Z[GMT]","screenshots":[{"screenshot":"37b0822e1c55d5bc8ad99951b2dc5db3df9b429130c78087833798b6200ce8fa.png","timeStamp":1628565684934}],"result":"SUCCESS","precondition":false,"level":0},{"number":3,"description":"Then I should see the product page","duration":326,"startTime":"2021-08-10T03:21:24.935Z[GMT]","screenshots":[{"screenshot":"e1ba85ecd881e5864c283a4f99ee2d025043af38fb1cbfe0da704f2561fb93b2.png","timeStamp":1628565685261}],"result":"SUCCESS","precondition":false,"level":0},{"number":4,"description":"Given I am on the products page","duration":395,"startTime":"2021-08-10T03:21:25.261Z[GMT]","screenshots":[{"screenshot":"764eafe78fd379c834f765ab71b3541740af9773a9cb440ead00b47960a2d236.png","timeStamp":1628565685656}],"result":"SUCCESS","precondition":false,"level":0},{"number":5,"description":"When I add product to the cart","duration":548,"startTime":"2021-08-10T03:21:25.656Z[GMT]","screenshots":[{"screenshot":"3005480d197b490b65ae11491c735d35cfa6f5af7f8bc417b65481cf6c7b8a81.png","timeStamp":1628565686204}],"result":"SUCCESS","precondition":false,"level":0},{"number":6,"description":"And I should see the products added to the cart","duration":683,"startTime":"2021-08-10T03:21:26.204Z[GMT]","screenshots":[{"screenshot":"2d5072c429495c075ccc3b15300482afe4a9df0343074dd1c7219217fd487e76.png","timeStamp":1628565686887}],"result":"SUCCESS","precondition":false,"level":0},{"number":7,"description":"And I am trying to purchase the product with my personal data \"ricardo,ospina,050001\"","duration":1831,"startTime":"2021-08-10T03:21:26.887Z[GMT]","screenshots":[{"screenshot":"f574cb6087d86f8d80b93b35f8cbf0edef3f7ab56e7e58ebf9d7932587d0a933.png","timeStamp":1628565688718}],"result":"SUCCESS","precondition":false,"level":0},{"number":8,"description":"Then I should see the thank you page","duration":661,"startTime":"2021-08-10T03:21:28.718Z[GMT]","screenshots":[{"screenshot":"72f23585c1c6257e3fc0aa684796d005787f3c7edb40cfc3c8dbe826d52fd54a.png","timeStamp":1628565689379}],"result":"SUCCESS","precondition":false,"level":0}],"userStory":{"id":"checkout","storyName":"checkout","path":"checkout.feature","type":"feature"},"featureTag":{"name":"checkout","type":"feature"},"title":"make a successful purchase","backgroundTitle":"","backgroundDescription":"","tags":[{"name":"checkout","type":"feature"},{"name":"Checkout","type":"tag"},{"name":"AllCases","type":"tag"},{"name":"TestCase_9","type":"tag"}],"startTime":"2021-08-10T03:21:22.597Z[GMT]","duration":6849,"projectKey":"","sessionId":"fd2a331b0a2cce348ae6a6bd6c623ac5","driver":"remote","manual":false,"testSource":"Cucumber","result":"SUCCESS"}