{"name":"I should be able to log in to the application with the correct credentials.","id":"authentication;i-should-be-able-to-log-in-to-the-application-with-the-correct-credentials.","testSteps":[{"number":1,"description":"Example #1: {user_name\u003dstandard_user, password\u003dsecret_sauce}","duration":10671,"startTime":"2021-08-10T03:20:19.427Z[GMT]","screenshots":[{"screenshot":"72f23585c1c6257e3fc0aa684796d005787f3c7edb40cfc3c8dbe826d52fd54a.png","timeStamp":1628565630098}],"result":"SUCCESS","precondition":false,"level":0,"children":[{"number":2,"description":"Given I am on the site","duration":8655,"startTime":"2021-08-10T03:20:19.450Z[GMT]","screenshots":[{"screenshot":"3a59cd164c700ecec3c2b4728b66233085d72e1a32dec94a4fce49fe1550e5f9.png","timeStamp":1628565628104}],"result":"SUCCESS","precondition":false,"level":1},{"number":3,"description":"When I login with my \"standard_user\" and \"secret_sauce\"","duration":1404,"startTime":"2021-08-10T03:20:28.119Z[GMT]","screenshots":[{"screenshot":"c30b2369539f33c4c737eadb8a7752382749471d994c68bef04f4d16de4e83a8.png","timeStamp":1628565629523}],"result":"SUCCESS","precondition":false,"level":1},{"number":4,"description":"Then I should see the product page","duration":573,"startTime":"2021-08-10T03:20:29.524Z[GMT]","screenshots":[{"screenshot":"72f23585c1c6257e3fc0aa684796d005787f3c7edb40cfc3c8dbe826d52fd54a.png","timeStamp":1628565630096}],"result":"SUCCESS","precondition":false,"level":1}]},{"number":5,"description":"Example #2: {user_name\u003dperformance_glitch_user, password\u003dsecret_sauce}","duration":8446,"startTime":"2021-08-10T03:20:30.189Z[GMT]","screenshots":[{"screenshot":"72f23585c1c6257e3fc0aa684796d005787f3c7edb40cfc3c8dbe826d52fd54a.png","timeStamp":1628565638635}],"result":"SUCCESS","precondition":false,"level":0,"children":[{"number":6,"description":"Given I am on the site","duration":1590,"startTime":"2021-08-10T03:20:30.190Z[GMT]","screenshots":[{"screenshot":"3a59cd164c700ecec3c2b4728b66233085d72e1a32dec94a4fce49fe1550e5f9.png","timeStamp":1628565631780}],"result":"SUCCESS","precondition":false,"level":1},{"number":7,"description":"When I login with my \"performance_glitch_user\" and \"secret_sauce\"","duration":6358,"startTime":"2021-08-10T03:20:31.781Z[GMT]","screenshots":[{"screenshot":"72f23585c1c6257e3fc0aa684796d005787f3c7edb40cfc3c8dbe826d52fd54a.png","timeStamp":1628565638139}],"result":"SUCCESS","precondition":false,"level":1},{"number":8,"description":"Then I should see the product page","duration":492,"startTime":"2021-08-10T03:20:38.139Z[GMT]","screenshots":[{"screenshot":"72f23585c1c6257e3fc0aa684796d005787f3c7edb40cfc3c8dbe826d52fd54a.png","timeStamp":1628565638631}],"result":"SUCCESS","precondition":false,"level":1}]}],"userStory":{"id":"authentication","storyName":"authentication","path":"auth.feature","type":"feature"},"featureTag":{"name":"authentication","type":"feature"},"title":"I should be able to log in to the application with the correct credentials.","tags":[{"name":"TestCase_1","type":"tag"},{"name":"AllCases","type":"tag"},{"name":"AuthCases","type":"tag"},{"name":"authentication","type":"feature"}],"startTime":"2021-08-10T03:20:18.213Z[GMT]","duration":40324,"projectKey":"","sessionId":"fa8bf617dc356343397e949bfe1ae25a","driver":"remote","dataTable":{"headers":["user_name","password"],"rows":[{"values":["standard_user","secret_sauce"],"result":"SUCCESS"},{"values":["performance_glitch_user","secret_sauce"],"result":"SUCCESS"}],"predefinedRows":true,"scenarioOutline":"Given I am on the site\n\rWhen I login with my \"\u003cuser_name\u003e\" and \"\u003cpassword\u003e\"\n\rThen I should see the product page\n\r","dataSetDescriptors":[{"startRow":0,"rowCount":0,"name":""}]},"manual":false,"testSource":"Cucumber","result":"SUCCESS","scenarioOutline":"Given I am on the site\n\rWhen I login with my \"\u003cuser_name\u003e\" and \"\u003cpassword\u003e\"\n\rThen I should see the product page\n\r"}