{"name":"I should be able to see the login page when I logout.","id":"authentication;i-should-be-able-to-see-the-login-page-when-i-logout.","testSteps":[{"number":1,"description":"Example #1: {user_name\u003dstandard_user, password\u003dsecret_sauce}","duration":3257,"startTime":"2021-08-10T03:21:15.725Z[GMT]","screenshots":[{"screenshot":"3a59cd164c700ecec3c2b4728b66233085d72e1a32dec94a4fce49fe1550e5f9.png","timeStamp":1628565678982}],"result":"SUCCESS","precondition":false,"level":0,"children":[{"number":2,"description":"Given I am on the site","duration":1142,"startTime":"2021-08-10T03:21:15.725Z[GMT]","screenshots":[{"screenshot":"3a59cd164c700ecec3c2b4728b66233085d72e1a32dec94a4fce49fe1550e5f9.png","timeStamp":1628565676867}],"result":"SUCCESS","precondition":false,"level":1},{"number":3,"description":"When I login with my \"standard_user\" and \"secret_sauce\"","duration":974,"startTime":"2021-08-10T03:21:16.874Z[GMT]","screenshots":[{"screenshot":"d8d01a5957d5627f6da91f9d0d5a38db7985254710228fadabd385cf883d8215.png","timeStamp":1628565677848}],"result":"SUCCESS","precondition":false,"level":1},{"number":4,"description":"And I logout from the page","duration":728,"startTime":"2021-08-10T03:21:17.849Z[GMT]","screenshots":[{"screenshot":"3a59cd164c700ecec3c2b4728b66233085d72e1a32dec94a4fce49fe1550e5f9.png","timeStamp":1628565678577}],"result":"SUCCESS","precondition":false,"level":1},{"number":5,"description":"Then I should see the login page","duration":402,"startTime":"2021-08-10T03:21:18.578Z[GMT]","screenshots":[{"screenshot":"3a59cd164c700ecec3c2b4728b66233085d72e1a32dec94a4fce49fe1550e5f9.png","timeStamp":1628565678980}],"result":"SUCCESS","precondition":false,"level":1}]}],"userStory":{"id":"authentication","storyName":"authentication","path":"auth.feature","type":"feature"},"featureTag":{"name":"authentication","type":"feature"},"title":"I should be able to see the login page when I logout.","tags":[{"name":"AllCases","type":"tag"},{"name":"AuthCases","type":"tag"},{"name":"TestCase_4","type":"tag"},{"name":"authentication","type":"feature"}],"startTime":"2021-08-10T03:21:15.724Z[GMT]","duration":3877,"projectKey":"","sessionId":"a96bd0f32aa97d733b948906ab0e3f22","driver":"remote","dataTable":{"headers":["user_name","password"],"rows":[{"values":["standard_user","secret_sauce"],"result":"SUCCESS"}],"predefinedRows":true,"scenarioOutline":"Given I am on the site\n\rWhen I login with my \"\u003cuser_name\u003e\" and \"\u003cpassword\u003e\"\n\rAnd I logout from the page\n\rThen I should see the login page\n\r","dataSetDescriptors":[{"startRow":0,"rowCount":0,"name":""}]},"manual":false,"testSource":"Cucumber","result":"SUCCESS","scenarioOutline":"Given I am on the site\n\rWhen I login with my \"\u003cuser_name\u003e\" and \"\u003cpassword\u003e\"\n\rAnd I logout from the page\n\rThen I should see the login page\n\r"}