{"name":"I should see an error message when entering incorrect credentials.","id":"authentication;i-should-see-an-error-message-when-entering-incorrect-credentials.","testSteps":[{"number":1,"description":"Example #1: {user_name\u003dlocked_out_user, password\u003dasdad123, message\u003dEpic sadface: Username and password do not match any user in this service}","duration":2667,"startTime":"2021-08-10T03:20:58.540Z[GMT]","screenshots":[{"screenshot":"88479acd39808f9839c194f6b88c8ec62b5029a2139905e4f4fa8168cf8f767e.png","timeStamp":1628565661207}],"result":"SUCCESS","precondition":false,"level":0,"children":[{"number":2,"description":"Given I am on the site","duration":1520,"startTime":"2021-08-10T03:20:58.540Z[GMT]","screenshots":[{"screenshot":"3a59cd164c700ecec3c2b4728b66233085d72e1a32dec94a4fce49fe1550e5f9.png","timeStamp":1628565660060}],"result":"SUCCESS","precondition":false,"level":1},{"number":3,"description":"When I login with my \"locked_out_user\" and \"asdad123\"","duration":837,"startTime":"2021-08-10T03:21:00.063Z[GMT]","screenshots":[{"screenshot":"88479acd39808f9839c194f6b88c8ec62b5029a2139905e4f4fa8168cf8f767e.png","timeStamp":1628565660900}],"result":"SUCCESS","precondition":false,"level":1},{"number":4,"description":"Then I should see the error Epic sadface: Username and password do not match any user in this service","duration":304,"startTime":"2021-08-10T03:21:00.901Z[GMT]","screenshots":[{"screenshot":"88479acd39808f9839c194f6b88c8ec62b5029a2139905e4f4fa8168cf8f767e.png","timeStamp":1628565661205}],"result":"SUCCESS","precondition":false,"level":1}]},{"number":5,"description":"Example #2: {user_name\u003dfake_user, password\u003d\u003d-secret_sauce -, message\u003dEpic sadface: Username and password do not match any user in this service}","duration":2364,"startTime":"2021-08-10T03:21:01.277Z[GMT]","screenshots":[{"screenshot":"69cbfed035bd2220c5029db99d9bdc026eaa322e0d39ed61c2f31f987f2c6602.png","timeStamp":1628565663641}],"result":"SUCCESS","precondition":false,"level":0,"children":[{"number":6,"description":"Given I am on the site","duration":1285,"startTime":"2021-08-10T03:21:01.277Z[GMT]","screenshots":[{"screenshot":"3a59cd164c700ecec3c2b4728b66233085d72e1a32dec94a4fce49fe1550e5f9.png","timeStamp":1628565662562}],"result":"SUCCESS","precondition":false,"level":1},{"number":7,"description":"When I login with my \"fake_user\" and \"\u003d-secret_sauce -\"","duration":825,"startTime":"2021-08-10T03:21:02.562Z[GMT]","screenshots":[{"screenshot":"69cbfed035bd2220c5029db99d9bdc026eaa322e0d39ed61c2f31f987f2c6602.png","timeStamp":1628565663387}],"result":"SUCCESS","precondition":false,"level":1},{"number":8,"description":"Then I should see the error Epic sadface: Username and password do not match any user in this service","duration":251,"startTime":"2021-08-10T03:21:03.388Z[GMT]","screenshots":[{"screenshot":"69cbfed035bd2220c5029db99d9bdc026eaa322e0d39ed61c2f31f987f2c6602.png","timeStamp":1628565663639}],"result":"SUCCESS","precondition":false,"level":1}]},{"number":9,"description":"Example #3: {user_name\u003dstandard_user, password\u003dsecret_sauce  +, message\u003dEpic sadface: Username and password do not match any user in this service}","duration":4075,"startTime":"2021-08-10T03:21:03.716Z[GMT]","screenshots":[{"screenshot":"3ddd58332a446906250f63da8bece943b370ab6e67b46850b8a6ab7463e089e6.png","timeStamp":1628565667791}],"result":"SUCCESS","precondition":false,"level":0,"children":[{"number":10,"description":"Given I am on the site","duration":2517,"startTime":"2021-08-10T03:21:03.717Z[GMT]","screenshots":[{"screenshot":"3a59cd164c700ecec3c2b4728b66233085d72e1a32dec94a4fce49fe1550e5f9.png","timeStamp":1628565666234}],"result":"SUCCESS","precondition":false,"level":1},{"number":11,"description":"When I login with my \"standard_user\" and \"secret_sauce  +\"","duration":1230,"startTime":"2021-08-10T03:21:06.235Z[GMT]","screenshots":[{"screenshot":"3ddd58332a446906250f63da8bece943b370ab6e67b46850b8a6ab7463e089e6.png","timeStamp":1628565667464}],"result":"SUCCESS","precondition":false,"level":1},{"number":12,"description":"Then I should see the error Epic sadface: Username and password do not match any user in this service","duration":324,"startTime":"2021-08-10T03:21:07.465Z[GMT]","screenshots":[{"screenshot":"3ddd58332a446906250f63da8bece943b370ab6e67b46850b8a6ab7463e089e6.png","timeStamp":1628565667789}],"result":"SUCCESS","precondition":false,"level":1}]}],"userStory":{"id":"authentication","storyName":"authentication","path":"auth.feature","type":"feature"},"featureTag":{"name":"authentication","type":"feature"},"title":"I should see an error message when entering incorrect credentials.","tags":[{"name":"TestCase_2","type":"tag"},{"name":"AllCases","type":"tag"},{"name":"AuthCases","type":"tag"},{"name":"authentication","type":"feature"}],"startTime":"2021-08-10T03:20:58.539Z[GMT]","duration":9863,"projectKey":"","sessionId":"2f6cad06307625b8c48b2d06f0b9f550","driver":"remote","dataTable":{"headers":["user_name","password","message"],"rows":[{"values":["locked_out_user","asdad123","Epic sadface: Username and password do not match any user in this service"],"result":"SUCCESS"},{"values":["fake_user","\u003d-secret_sauce -","Epic sadface: Username and password do not match any user in this service"],"result":"SUCCESS"},{"values":["standard_user","secret_sauce  +","Epic sadface: Username and password do not match any user in this service"],"result":"SUCCESS"}],"predefinedRows":true,"scenarioOutline":"Given I am on the site\n\rWhen I login with my \"\u003cuser_name\u003e\" and \"\u003cpassword\u003e\"\n\rThen I should see the error \u003cmessage\u003e\n\r","dataSetDescriptors":[{"startRow":0,"rowCount":0,"name":""}]},"manual":false,"testSource":"Cucumber","result":"SUCCESS","scenarioOutline":"Given I am on the site\n\rWhen I login with my \"\u003cuser_name\u003e\" and \"\u003cpassword\u003e\"\n\rThen I should see the error \u003cmessage\u003e\n\r"}