{"name":"I should not be able to enter the product page without logging in.","id":"authentication;i-should-not-be-able-to-enter-the-product-page-without-logging-in.","testSteps":[{"number":1,"description":"Example #1: {user_name\u003dstandard_user, password\u003dasd123, url\u003dhttps://www.saucedemo.com/inventory.html, message\u003dEpic sadface: You can only access \u0027/inventory.html\u0027 when you are logged in.}","duration":2298,"startTime":"2021-08-10T03:26:19.047Z[GMT]","screenshots":[{"screenshot":"241dbcf00bc2f013157f1592e2d02ec26c44ae4217bc177ec15e50a2ffb5ceb2.png","timeStamp":1628565981345}],"result":"SUCCESS","precondition":false,"level":0,"children":[{"number":2,"description":"Given I am on the site","duration":1135,"startTime":"2021-08-10T03:26:19.047Z[GMT]","screenshots":[{"screenshot":"3a59cd164c700ecec3c2b4728b66233085d72e1a32dec94a4fce49fe1550e5f9.png","timeStamp":1628565980182}],"result":"SUCCESS","precondition":false,"level":1},{"number":3,"description":"When i am trying to enter the url https://www.saucedemo.com/inventory.html","duration":943,"startTime":"2021-08-10T03:26:20.183Z[GMT]","screenshots":[{"screenshot":"241dbcf00bc2f013157f1592e2d02ec26c44ae4217bc177ec15e50a2ffb5ceb2.png","timeStamp":1628565981126}],"result":"SUCCESS","precondition":false,"level":1},{"number":4,"description":"Then I should see the error Epic sadface: You can only access \u0027/inventory.html\u0027 when you are logged in.","duration":218,"startTime":"2021-08-10T03:26:21.126Z[GMT]","screenshots":[{"screenshot":"241dbcf00bc2f013157f1592e2d02ec26c44ae4217bc177ec15e50a2ffb5ceb2.png","timeStamp":1628565981344}],"result":"SUCCESS","precondition":false,"level":1}]}],"userStory":{"id":"authentication","storyName":"authentication","path":"auth.feature","type":"feature"},"featureTag":{"name":"authentication","type":"feature"},"title":"I should not be able to enter the product page without logging in.","tags":[{"name":"AllCases","type":"tag"},{"name":"AuthCases","type":"tag"},{"name":"TestCase_5","type":"tag"},{"name":"authentication","type":"feature"}],"startTime":"2021-08-10T03:26:19.046Z[GMT]","duration":2945,"projectKey":"","sessionId":"e67d8988473738614f8cc1ec50669894","driver":"remote","dataTable":{"headers":["user_name","password","url","message"],"rows":[{"values":["standard_user","asd123","https://www.saucedemo.com/inventory.html","Epic sadface: You can only access \u0027/inventory.html\u0027 when you are logged in."],"result":"SUCCESS"}],"predefinedRows":true,"scenarioOutline":"Given I am on the site\n\rWhen i am trying to enter the url \u003curl\u003e\n\rThen I should see the error \u003cmessage\u003e\n\r","dataSetDescriptors":[{"startRow":0,"rowCount":0,"name":""}]},"manual":false,"testSource":"Cucumber","result":"SUCCESS","scenarioOutline":"Given I am on the site\n\rWhen i am trying to enter the url \u003curl\u003e\n\rThen I should see the error \u003cmessage\u003e\n\r"}