{"name":"Sort products","id":"products;sort-products","testSteps":[{"number":1,"description":"Example #1: {value\u003dname_asc, products_ordered\u003dSauce Labs Backpack,Test.allTheThings() T-Shirt (Red)}","duration":3705,"startTime":"2021-08-10T03:26:28.292Z[GMT]","screenshots":[{"screenshot":"e2101608c1ac07f2e2a34e23b9e65a5ec5be026d72236d6b7dbde7d96a4e605e.png","timeStamp":1628565991997}],"result":"SUCCESS","precondition":false,"level":0,"children":[{"number":2,"description":"Given I am on the site","duration":1123,"startTime":"2021-08-10T03:26:28.292Z[GMT]","screenshots":[{"screenshot":"3a59cd164c700ecec3c2b4728b66233085d72e1a32dec94a4fce49fe1550e5f9.png","timeStamp":1628565989415}],"result":"SUCCESS","precondition":false,"level":1},{"number":3,"description":"When I login with my \"problem_user\" and \"secret_sauce\"","duration":960,"startTime":"2021-08-10T03:26:29.415Z[GMT]","screenshots":[{"screenshot":"85326871bb02a7a00fa7de6458d7499de5e81e12c10a53190240a095a77380f5.png","timeStamp":1628565990375}],"result":"SUCCESS","precondition":false,"level":1},{"number":4,"description":"Then I should see the product page","duration":227,"startTime":"2021-08-10T03:26:30.375Z[GMT]","screenshots":[{"screenshot":"85326871bb02a7a00fa7de6458d7499de5e81e12c10a53190240a095a77380f5.png","timeStamp":1628565990602}],"result":"SUCCESS","precondition":false,"level":1},{"number":5,"description":"Given I am on the products page","duration":205,"startTime":"2021-08-10T03:26:30.602Z[GMT]","screenshots":[{"screenshot":"85326871bb02a7a00fa7de6458d7499de5e81e12c10a53190240a095a77380f5.png","timeStamp":1628565990807}],"result":"SUCCESS","precondition":false,"level":1},{"number":6,"description":"When I Sort products by \"name_asc\"","duration":723,"startTime":"2021-08-10T03:26:30.807Z[GMT]","screenshots":[{"screenshot":"e2101608c1ac07f2e2a34e23b9e65a5ec5be026d72236d6b7dbde7d96a4e605e.png","timeStamp":1628565991530}],"result":"SUCCESS","precondition":false,"level":1},{"number":7,"description":"Then I should see the products ordered \"Sauce Labs Backpack,Test.allTheThings() T-Shirt (Red)\"","duration":466,"startTime":"2021-08-10T03:26:31.530Z[GMT]","screenshots":[{"screenshot":"e2101608c1ac07f2e2a34e23b9e65a5ec5be026d72236d6b7dbde7d96a4e605e.png","timeStamp":1628565991996}],"result":"SUCCESS","precondition":false,"level":1}]},{"number":8,"description":"Example #2: {value\u003dname_desc, products_ordered\u003dTest.allTheThings() T-Shirt (Red),Sauce Labs Backpack}","duration":3835,"startTime":"2021-08-10T03:26:32.060Z[GMT]","exception":{"errorType":"java.lang.AssertionError","message":"\nExpected: is \"Test.allTheThings() T-Shirt (Red)\"\n     but: was \"Sauce Labs Backpack\"","stackTrace":[{"declaringClass":"com.automation.steps.ProductsSteps","methodName":"validateOrder","fileName":"ProductsSteps.java","lineNumber":43},{"declaringClass":"com.automation.definitions.ProductsDefinitions","methodName":"iShouldSeeTheProductsOrdered","fileName":"ProductsDefinitions.java","lineNumber":28},{"declaringClass":"cucumber.runner.Runner","methodName":"runPickle","fileName":"Runner.java","lineNumber":80}]},"result":"FAILURE","precondition":false,"level":0,"children":[{"number":9,"description":"Given I am on the site","duration":1296,"startTime":"2021-08-10T03:26:32.061Z[GMT]","screenshots":[{"screenshot":"3a59cd164c700ecec3c2b4728b66233085d72e1a32dec94a4fce49fe1550e5f9.png","timeStamp":1628565993357}],"result":"SUCCESS","precondition":false,"level":1},{"number":10,"description":"When I login with my \"problem_user\" and \"secret_sauce\"","duration":873,"startTime":"2021-08-10T03:26:33.357Z[GMT]","screenshots":[{"screenshot":"85326871bb02a7a00fa7de6458d7499de5e81e12c10a53190240a095a77380f5.png","timeStamp":1628565994230}],"result":"SUCCESS","precondition":false,"level":1},{"number":11,"description":"Then I should see the product page","duration":256,"startTime":"2021-08-10T03:26:34.230Z[GMT]","screenshots":[{"screenshot":"85326871bb02a7a00fa7de6458d7499de5e81e12c10a53190240a095a77380f5.png","timeStamp":1628565994485}],"result":"SUCCESS","precondition":false,"level":1},{"number":12,"description":"Given I am on the products page","duration":215,"startTime":"2021-08-10T03:26:34.486Z[GMT]","screenshots":[{"screenshot":"85326871bb02a7a00fa7de6458d7499de5e81e12c10a53190240a095a77380f5.png","timeStamp":1628565994701}],"result":"SUCCESS","precondition":false,"level":1},{"number":13,"description":"When I Sort products by \"name_desc\"","duration":722,"startTime":"2021-08-10T03:26:34.702Z[GMT]","screenshots":[{"screenshot":"e2101608c1ac07f2e2a34e23b9e65a5ec5be026d72236d6b7dbde7d96a4e605e.png","timeStamp":1628565995424}],"result":"SUCCESS","precondition":false,"level":1},{"number":14,"description":"Then I should see the products ordered \"Test.allTheThings() T-Shirt (Red),Sauce Labs Backpack\"","duration":469,"startTime":"2021-08-10T03:26:35.424Z[GMT]","exception":{"errorType":"java.lang.AssertionError","message":"\nExpected: is \"Test.allTheThings() T-Shirt (Red)\"\n     but: was \"Sauce Labs Backpack\"","stackTrace":[{"declaringClass":"com.automation.steps.ProductsSteps","methodName":"validateOrder","fileName":"ProductsSteps.java","lineNumber":43},{"declaringClass":"com.automation.definitions.ProductsDefinitions","methodName":"iShouldSeeTheProductsOrdered","fileName":"ProductsDefinitions.java","lineNumber":28},{"declaringClass":"cucumber.runner.Runner","methodName":"runPickle","fileName":"Runner.java","lineNumber":80}]},"result":"FAILURE","precondition":false,"level":1,"children":[{"number":15,"description":"Validate order: Test.allTheThings() T-Shirt (Red),Sauce Labs Backpack","duration":281,"startTime":"2021-08-10T03:26:35.603Z[GMT]","screenshots":[{"screenshot":"e2101608c1ac07f2e2a34e23b9e65a5ec5be026d72236d6b7dbde7d96a4e605e.png","htmlSource":"pagesource2758836991144064129.html.txt","timeStamp":1628565995875}],"exception":{"errorType":"java.lang.AssertionError","message":"\nExpected: is \"Test.allTheThings() T-Shirt (Red)\"\n     but: was \"Sauce Labs Backpack\"","stackTrace":[{"declaringClass":"com.automation.steps.ProductsSteps","methodName":"validateOrder","fileName":"ProductsSteps.java","lineNumber":43},{"declaringClass":"com.automation.definitions.ProductsDefinitions","methodName":"iShouldSeeTheProductsOrdered","fileName":"ProductsDefinitions.java","lineNumber":28},{"declaringClass":"cucumber.runner.Runner","methodName":"runPickle","fileName":"Runner.java","lineNumber":80}]},"result":"FAILURE","precondition":false,"level":2}]}]},{"number":16,"description":"Example #3: {value\u003dprice_asc, products_ordered\u003dSauce Labs Onesie,Sauce Labs Fleece Jacket}","duration":3646,"startTime":"2021-08-10T03:26:36.311Z[GMT]","exception":{"errorType":"java.lang.AssertionError","message":"\nExpected: is \"Sauce Labs Onesie\"\n     but: was \"Sauce Labs Backpack\"","stackTrace":[{"declaringClass":"com.automation.steps.ProductsSteps","methodName":"validateOrder","fileName":"ProductsSteps.java","lineNumber":43},{"declaringClass":"com.automation.definitions.ProductsDefinitions","methodName":"iShouldSeeTheProductsOrdered","fileName":"ProductsDefinitions.java","lineNumber":28},{"declaringClass":"cucumber.runner.Runner","methodName":"runPickle","fileName":"Runner.java","lineNumber":80}]},"result":"FAILURE","precondition":false,"level":0,"children":[{"number":17,"description":"Given I am on the site","duration":1220,"startTime":"2021-08-10T03:26:36.311Z[GMT]","screenshots":[{"screenshot":"3a59cd164c700ecec3c2b4728b66233085d72e1a32dec94a4fce49fe1550e5f9.png","timeStamp":1628565997530}],"result":"SUCCESS","precondition":false,"level":1},{"number":18,"description":"When I login with my \"problem_user\" and \"secret_sauce\"","duration":983,"startTime":"2021-08-10T03:26:37.531Z[GMT]","screenshots":[{"screenshot":"85326871bb02a7a00fa7de6458d7499de5e81e12c10a53190240a095a77380f5.png","timeStamp":1628565998514}],"result":"SUCCESS","precondition":false,"level":1},{"number":19,"description":"Then I should see the product page","duration":216,"startTime":"2021-08-10T03:26:38.514Z[GMT]","screenshots":[{"screenshot":"85326871bb02a7a00fa7de6458d7499de5e81e12c10a53190240a095a77380f5.png","timeStamp":1628565998730}],"result":"SUCCESS","precondition":false,"level":1},{"number":20,"description":"Given I am on the products page","duration":206,"startTime":"2021-08-10T03:26:38.730Z[GMT]","screenshots":[{"screenshot":"85326871bb02a7a00fa7de6458d7499de5e81e12c10a53190240a095a77380f5.png","timeStamp":1628565998936}],"result":"SUCCESS","precondition":false,"level":1},{"number":21,"description":"When I Sort products by \"price_asc\"","duration":628,"startTime":"2021-08-10T03:26:38.936Z[GMT]","screenshots":[{"screenshot":"e2101608c1ac07f2e2a34e23b9e65a5ec5be026d72236d6b7dbde7d96a4e605e.png","timeStamp":1628565999563}],"result":"SUCCESS","precondition":false,"level":1},{"number":22,"description":"Then I should see the products ordered \"Sauce Labs Onesie,Sauce Labs Fleece Jacket\"","duration":392,"startTime":"2021-08-10T03:26:39.564Z[GMT]","exception":{"errorType":"java.lang.AssertionError","message":"\nExpected: is \"Sauce Labs Onesie\"\n     but: was \"Sauce Labs Backpack\"","stackTrace":[{"declaringClass":"com.automation.steps.ProductsSteps","methodName":"validateOrder","fileName":"ProductsSteps.java","lineNumber":43},{"declaringClass":"com.automation.definitions.ProductsDefinitions","methodName":"iShouldSeeTheProductsOrdered","fileName":"ProductsDefinitions.java","lineNumber":28},{"declaringClass":"cucumber.runner.Runner","methodName":"runPickle","fileName":"Runner.java","lineNumber":80}]},"result":"FAILURE","precondition":false,"level":1,"children":[{"number":23,"description":"Validate order: Sauce Labs Onesie,Sauce Labs Fleece Jacket","duration":244,"startTime":"2021-08-10T03:26:39.711Z[GMT]","screenshots":[{"screenshot":"e2101608c1ac07f2e2a34e23b9e65a5ec5be026d72236d6b7dbde7d96a4e605e.png","htmlSource":"pagesource3053403630485899962.html.txt","timeStamp":1628565999954}],"exception":{"errorType":"java.lang.AssertionError","message":"\nExpected: is \"Sauce Labs Onesie\"\n     but: was \"Sauce Labs Backpack\"","stackTrace":[{"declaringClass":"com.automation.steps.ProductsSteps","methodName":"validateOrder","fileName":"ProductsSteps.java","lineNumber":43},{"declaringClass":"com.automation.definitions.ProductsDefinitions","methodName":"iShouldSeeTheProductsOrdered","fileName":"ProductsDefinitions.java","lineNumber":28},{"declaringClass":"cucumber.runner.Runner","methodName":"runPickle","fileName":"Runner.java","lineNumber":80}]},"result":"FAILURE","precondition":false,"level":2}]}]},{"number":24,"description":"Example #4: {value\u003dprice_desc, products_ordered\u003dSauce Labs Fleece Jacket,Sauce Labs Onesie}","duration":3580,"startTime":"2021-08-10T03:26:40.023Z[GMT]","exception":{"errorType":"java.lang.AssertionError","message":"\nExpected: is \"Sauce Labs Fleece Jacket\"\n     but: was \"Sauce Labs Backpack\"","stackTrace":[{"declaringClass":"com.automation.steps.ProductsSteps","methodName":"validateOrder","fileName":"ProductsSteps.java","lineNumber":43},{"declaringClass":"com.automation.definitions.ProductsDefinitions","methodName":"iShouldSeeTheProductsOrdered","fileName":"ProductsDefinitions.java","lineNumber":28},{"declaringClass":"cucumber.runner.Runner","methodName":"runPickle","fileName":"Runner.java","lineNumber":80}]},"result":"FAILURE","precondition":false,"level":0,"children":[{"number":25,"description":"Given I am on the site","duration":1136,"startTime":"2021-08-10T03:26:40.023Z[GMT]","screenshots":[{"screenshot":"3a59cd164c700ecec3c2b4728b66233085d72e1a32dec94a4fce49fe1550e5f9.png","timeStamp":1628566001159}],"result":"SUCCESS","precondition":false,"level":1},{"number":26,"description":"When I login with my \"problem_user\" and \"secret_sauce\"","duration":895,"startTime":"2021-08-10T03:26:41.159Z[GMT]","screenshots":[{"screenshot":"85326871bb02a7a00fa7de6458d7499de5e81e12c10a53190240a095a77380f5.png","timeStamp":1628566002054}],"result":"SUCCESS","precondition":false,"level":1},{"number":27,"description":"Then I should see the product page","duration":234,"startTime":"2021-08-10T03:26:42.054Z[GMT]","screenshots":[{"screenshot":"85326871bb02a7a00fa7de6458d7499de5e81e12c10a53190240a095a77380f5.png","timeStamp":1628566002288}],"result":"SUCCESS","precondition":false,"level":1},{"number":28,"description":"Given I am on the products page","duration":230,"startTime":"2021-08-10T03:26:42.289Z[GMT]","screenshots":[{"screenshot":"85326871bb02a7a00fa7de6458d7499de5e81e12c10a53190240a095a77380f5.png","timeStamp":1628566002519}],"result":"SUCCESS","precondition":false,"level":1},{"number":29,"description":"When I Sort products by \"price_desc\"","duration":696,"startTime":"2021-08-10T03:26:42.519Z[GMT]","screenshots":[{"screenshot":"e2101608c1ac07f2e2a34e23b9e65a5ec5be026d72236d6b7dbde7d96a4e605e.png","timeStamp":1628566003215}],"result":"SUCCESS","precondition":false,"level":1},{"number":30,"description":"Then I should see the products ordered \"Sauce Labs Fleece Jacket,Sauce Labs Onesie\"","duration":386,"startTime":"2021-08-10T03:26:43.215Z[GMT]","exception":{"errorType":"java.lang.AssertionError","message":"\nExpected: is \"Sauce Labs Fleece Jacket\"\n     but: was \"Sauce Labs Backpack\"","stackTrace":[{"declaringClass":"com.automation.steps.ProductsSteps","methodName":"validateOrder","fileName":"ProductsSteps.java","lineNumber":43},{"declaringClass":"com.automation.definitions.ProductsDefinitions","methodName":"iShouldSeeTheProductsOrdered","fileName":"ProductsDefinitions.java","lineNumber":28},{"declaringClass":"cucumber.runner.Runner","methodName":"runPickle","fileName":"Runner.java","lineNumber":80}]},"result":"FAILURE","precondition":false,"level":1,"children":[{"number":31,"description":"Validate order: Sauce Labs Fleece Jacket,Sauce Labs Onesie","duration":268,"startTime":"2021-08-10T03:26:43.331Z[GMT]","screenshots":[{"screenshot":"e2101608c1ac07f2e2a34e23b9e65a5ec5be026d72236d6b7dbde7d96a4e605e.png","htmlSource":"pagesource1527862967033823268.html.txt","timeStamp":1628566003598}],"exception":{"errorType":"java.lang.AssertionError","message":"\nExpected: is \"Sauce Labs Fleece Jacket\"\n     but: was \"Sauce Labs Backpack\"","stackTrace":[{"declaringClass":"com.automation.steps.ProductsSteps","methodName":"validateOrder","fileName":"ProductsSteps.java","lineNumber":43},{"declaringClass":"com.automation.definitions.ProductsDefinitions","methodName":"iShouldSeeTheProductsOrdered","fileName":"ProductsDefinitions.java","lineNumber":28},{"declaringClass":"cucumber.runner.Runner","methodName":"runPickle","fileName":"Runner.java","lineNumber":80}]},"result":"FAILURE","precondition":false,"level":2}]}]}],"userStory":{"id":"products","storyName":"Products","path":"products.feature","type":"feature"},"featureTag":{"name":"Products","type":"feature"},"title":"Sort products","backgroundTitle":"","backgroundDescription":"","tags":[{"name":"Products","type":"feature"},{"name":"ProductCases","type":"tag"},{"name":"AllCases","type":"tag"},{"name":"TestCase_6","type":"tag"}],"startTime":"2021-08-10T03:26:28.291Z[GMT]","duration":18054,"testFailureCause":{"errorType":"java.lang.AssertionError","message":"\nExpected: is \"Sauce Labs Fleece Jacket\"\n     but: was \"Sauce Labs Backpack\"","stackTrace":[{"declaringClass":"com.automation.steps.ProductsSteps","methodName":"validateOrder","fileName":"ProductsSteps.java","lineNumber":43},{"declaringClass":"com.automation.definitions.ProductsDefinitions","methodName":"iShouldSeeTheProductsOrdered","fileName":"ProductsDefinitions.java","lineNumber":28},{"declaringClass":"cucumber.runner.Runner","methodName":"runPickle","fileName":"Runner.java","lineNumber":80}]},"testFailureClassname":"java.lang.AssertionError","testFailureMessage":"\nExpected: is \"Sauce Labs Fleece Jacket\"\n     but: was \"Sauce Labs Backpack\"","testFailureSummary":"FAILURE;java.lang.AssertionError;\nExpected: is \"Sauce Labs Fleece Jacket\"\n     but: was \"Sauce Labs Backpack\";ProductsSteps.java","projectKey":"","annotatedResult":"FAILURE","sessionId":"7d4d35bd9bc2502d9a04d7bd4ddcf755","driver":"remote","dataTable":{"headers":["value","products_ordered"],"rows":[{"values":["name_asc","Sauce Labs Backpack,Test.allTheThings() T-Shirt (Red)"],"result":"SUCCESS"},{"values":["name_desc","Test.allTheThings() T-Shirt (Red),Sauce Labs Backpack"],"result":"FAILURE"},{"values":["price_asc","Sauce Labs Onesie,Sauce Labs Fleece Jacket"],"result":"FAILURE"},{"values":["price_desc","Sauce Labs Fleece Jacket,Sauce Labs Onesie"],"result":"FAILURE"}],"predefinedRows":true,"scenarioOutline":"Given I am on the products page\n\rWhen I Sort products by \"\u003cvalue\u003e\"\n\rThen I should see the products ordered \"\u003cproducts_ordered\u003e\"\n\r","dataSetDescriptors":[{"startRow":0,"rowCount":0,"name":""}]},"manual":false,"testSource":"Cucumber","result":"FAILURE","scenarioOutline":"Given I am on the products page\n\rWhen I Sort products by \"\u003cvalue\u003e\"\n\rThen I should see the products ordered \"\u003cproducts_ordered\u003e\"\n\r"}