{"name":"add Product to the cart","id":"products;add-product-to-the-cart","testSteps":[{"number":1,"description":"Given I am on the site","duration":1097,"startTime":"2021-08-10T03:26:46.347Z[GMT]","screenshots":[{"screenshot":"3a59cd164c700ecec3c2b4728b66233085d72e1a32dec94a4fce49fe1550e5f9.png","timeStamp":1628566007444}],"result":"SUCCESS","precondition":false,"level":0},{"number":2,"description":"When I login with my \"problem_user\" and \"secret_sauce\"","duration":944,"startTime":"2021-08-10T03:26:47.445Z[GMT]","screenshots":[{"screenshot":"85326871bb02a7a00fa7de6458d7499de5e81e12c10a53190240a095a77380f5.png","timeStamp":1628566008389}],"result":"SUCCESS","precondition":false,"level":0},{"number":3,"description":"Then I should see the product page","duration":270,"startTime":"2021-08-10T03:26:48.390Z[GMT]","screenshots":[{"screenshot":"85326871bb02a7a00fa7de6458d7499de5e81e12c10a53190240a095a77380f5.png","timeStamp":1628566008660}],"result":"SUCCESS","precondition":false,"level":0},{"number":4,"description":"Given I am on the products page","duration":262,"startTime":"2021-08-10T03:26:48.660Z[GMT]","screenshots":[{"screenshot":"85326871bb02a7a00fa7de6458d7499de5e81e12c10a53190240a095a77380f5.png","timeStamp":1628566008922}],"result":"SUCCESS","precondition":false,"level":0},{"number":5,"description":"When I add product to the cart","duration":608,"startTime":"2021-08-10T03:26:48.922Z[GMT]","screenshots":[{"screenshot":"cf20818216ae30edb465b4d3258dd9605a00bd20ffa678aa06890ef2c590df5f.png","timeStamp":1628566009530}],"result":"SUCCESS","precondition":false,"level":0},{"number":6,"description":"Then I should see the products added to the cart","duration":20285,"startTime":"2021-08-10T03:26:49.530Z[GMT]","exception":{"errorType":"org.openqa.selenium.NoSuchElementException","message":"Timed out after 10 seconds. Element not found\nFor documentation on this error, please visit: https://www.seleniumhq.org/exceptions/no_such_element.html\nBuild info: version: \u00273.141.59\u0027, revision: \u0027e82be7d358\u0027, time: \u00272018-11-14T08:17:03\u0027\nSystem info: host: \u0027docker-desktop\u0027, ip: \u0027192.168.65.4\u0027, os.name: \u0027Linux\u0027, os.arch: \u0027amd64\u0027, os.version: \u00275.10.25-linuxkit\u0027, java.version: \u00271.8.0_275\u0027\nDriver info: driver.version: unknown\nFor documentation on this error, please visit: https://www.seleniumhq.org/exceptions/no_such_element.html\nBuild info: version: \u00273.141.59\u0027, revision: \u0027e82be7d358\u0027, time: \u00272018-11-14T08:17:03\u0027\nSystem info: host: \u0027docker-desktop\u0027, ip: \u0027192.168.65.4\u0027, os.name: \u0027Linux\u0027, os.arch: \u0027amd64\u0027, os.version: \u00275.10.25-linuxkit\u0027, java.version: \u00271.8.0_275\u0027\nDriver info: driver.version: unknown","stackTrace":[{"declaringClass":"com.automation.steps.ProductsSteps","methodName":"validateProductAdded","fileName":"ProductsSteps.java","lineNumber":58},{"declaringClass":"com.automation.definitions.ProductsDefinitions","methodName":"iShouldSeeTheProductsAddedToTheCart","fileName":"ProductsDefinitions.java","lineNumber":38},{"declaringClass":"✽","methodName":"I should see the products added to the cart","fileName":"src/test/resources/features/products.feature","lineNumber":27}]},"result":"ERROR","precondition":false,"level":0,"children":[{"number":7,"description":"Validate product added","duration":150,"startTime":"2021-08-10T03:27:09.663Z[GMT]","screenshots":[{"screenshot":"cf20818216ae30edb465b4d3258dd9605a00bd20ffa678aa06890ef2c590df5f.png","htmlSource":"pagesource7649757521138306734.html.txt","timeStamp":1628566029812}],"exception":{"errorType":"org.openqa.selenium.NoSuchElementException","message":"Timed out after 10 seconds. Element not found\nFor documentation on this error, please visit: https://www.seleniumhq.org/exceptions/no_such_element.html\nBuild info: version: \u00273.141.59\u0027, revision: \u0027e82be7d358\u0027, time: \u00272018-11-14T08:17:03\u0027\nSystem info: host: \u0027docker-desktop\u0027, ip: \u0027192.168.65.4\u0027, os.name: \u0027Linux\u0027, os.arch: \u0027amd64\u0027, os.version: \u00275.10.25-linuxkit\u0027, java.version: \u00271.8.0_275\u0027\nDriver info: driver.version: unknown","stackTrace":[{"declaringClass":"com.automation.steps.ProductsSteps","methodName":"validateProductAdded","fileName":"ProductsSteps.java","lineNumber":58},{"declaringClass":"com.automation.definitions.ProductsDefinitions","methodName":"iShouldSeeTheProductsAddedToTheCart","fileName":"ProductsDefinitions.java","lineNumber":38},{"declaringClass":"cucumber.runner.Runner","methodName":"runPickle","fileName":"Runner.java","lineNumber":80}]},"result":"ERROR","precondition":false,"level":1}]}],"userStory":{"id":"products","storyName":"Products","path":"products.feature","type":"feature"},"featureTag":{"name":"Products","type":"feature"},"title":"add Product to the cart","backgroundTitle":"","backgroundDescription":"","tags":[{"name":"Products","type":"feature"},{"name":"ProductCases","type":"tag"},{"name":"AllCases","type":"tag"},{"name":"TestCase_7","type":"tag"}],"startTime":"2021-08-10T03:26:46.346Z[GMT]","duration":23534,"testFailureCause":{"errorType":"org.openqa.selenium.NoSuchElementException","message":"Timed out after 10 seconds. Element not found\nFor documentation on this error, please visit: https://www.seleniumhq.org/exceptions/no_such_element.html\nBuild info: version: \u00273.141.59\u0027, revision: \u0027e82be7d358\u0027, time: \u00272018-11-14T08:17:03\u0027\nSystem info: host: \u0027docker-desktop\u0027, ip: \u0027192.168.65.4\u0027, os.name: \u0027Linux\u0027, os.arch: \u0027amd64\u0027, os.version: \u00275.10.25-linuxkit\u0027, java.version: \u00271.8.0_275\u0027\nDriver info: driver.version: unknown","stackTrace":[{"declaringClass":"com.automation.steps.ProductsSteps","methodName":"validateProductAdded","fileName":"ProductsSteps.java","lineNumber":58},{"declaringClass":"com.automation.definitions.ProductsDefinitions","methodName":"iShouldSeeTheProductsAddedToTheCart","fileName":"ProductsDefinitions.java","lineNumber":38},{"declaringClass":"cucumber.runner.Runner","methodName":"runPickle","fileName":"Runner.java","lineNumber":80}]},"testFailureClassname":"org.openqa.selenium.NoSuchElementException","testFailureMessage":"Timed out after 10 seconds. Element not found\nFor documentation on this error, please visit: https://www.seleniumhq.org/exceptions/no_such_element.html\nBuild info: version: \u00273.141.59\u0027, revision: \u0027e82be7d358\u0027, time: \u00272018-11-14T08:17:03\u0027\nSystem info: host: \u0027docker-desktop\u0027, ip: \u0027192.168.65.4\u0027, os.name: \u0027Linux\u0027, os.arch: \u0027amd64\u0027, os.version: \u00275.10.25-linuxkit\u0027, java.version: \u00271.8.0_275\u0027\nDriver info: driver.version: unknown","testFailureSummary":"ERROR;org.openqa.selenium.NoSuchElementException;Timed out after 10 seconds. Element not found\nFor documentation on this error, please visit: https://www.seleniumhq.org/exceptions/no_such_element.html\nBuild info: version: \u00273.141.59\u0027, revision: \u0027e82be7d358\u0027, time: \u00272018-11-14T08:17:03\u0027\nSystem info: host: \u0027docker-desktop\u0027, ip: \u0027192.168.65.4\u0027, os.name: \u0027Linux\u0027, os.arch: \u0027amd64\u0027, os.version: \u00275.10.25-linuxkit\u0027, java.version: \u00271.8.0_275\u0027\nDriver info: driver.version: unknown;ProductsSteps.java","projectKey":"","annotatedResult":"ERROR","sessionId":"c747fe2c879d0ab2739ad0ea0ed39033","driver":"remote","manual":false,"testSource":"Cucumber","result":"ERROR"}