"Story","Title","Result","Date","Stability","Duration (s)"
"authentication","I should be able to log in to the application with the correct credentials.","SUCCESS","2021-08-10T03:25:21.561Z[GMT]","0.0","37.3"
"authentication","I should see an error message when entering incorrect credentials.","SUCCESS","2021-08-10T03:25:58.859Z[GMT]","0.0","9.22"
"authentication","I should see an error message when entering some blank credentials.","SUCCESS","2021-08-10T03:26:08.079Z[GMT]","0.0","7.05"
"authentication","I should be able to see the login page when I logout.","SUCCESS","2021-08-10T03:26:15.128Z[GMT]","0.0","3.92"
"authentication","I should not be able to enter the product page without logging in.","SUCCESS","2021-08-10T03:26:19.046Z[GMT]","0.0","2.95"
"checkout","make a successful purchase","SUCCESS","2021-08-10T03:26:21.992Z[GMT]","0.0","6.3"
