{"name":"make a successful purchase","id":"checkout;make-a-successful-purchase","testSteps":[{"number":1,"description":"Given I am on the site","duration":1129,"startTime":"2021-08-10T03:26:21.993Z[GMT]","screenshots":[{"screenshot":"3a59cd164c700ecec3c2b4728b66233085d72e1a32dec94a4fce49fe1550e5f9.png","timeStamp":1628565983121}],"result":"SUCCESS","precondition":false,"level":0},{"number":2,"description":"When I login with my \"standard_user\" and \"secret_sauce\"","duration":863,"startTime":"2021-08-10T03:26:23.122Z[GMT]","screenshots":[{"screenshot":"350841fb31cc2fd255105c50edac1316e0db58e40a8b4d48f69c56ec806eb1db.png","timeStamp":1628565983985}],"result":"SUCCESS","precondition":false,"level":0},{"number":3,"description":"Then I should see the product page","duration":341,"startTime":"2021-08-10T03:26:23.986Z[GMT]","screenshots":[{"screenshot":"339ac2838245856341f59e8cd1363ef591d6b565192fc8533b0ca90c267f4f5a.png","timeStamp":1628565984327}],"result":"SUCCESS","precondition":false,"level":0},{"number":4,"description":"Given I am on the products page","duration":409,"startTime":"2021-08-10T03:26:24.328Z[GMT]","screenshots":[{"screenshot":"b9e9452a4d94757200441a3c243a3235e300b96bdd538f70f1e6335fc71bbdfc.png","timeStamp":1628565984737}],"result":"SUCCESS","precondition":false,"level":0},{"number":5,"description":"When I add product to the cart","duration":602,"startTime":"2021-08-10T03:26:24.738Z[GMT]","screenshots":[{"screenshot":"3005480d197b490b65ae11491c735d35cfa6f5af7f8bc417b65481cf6c7b8a81.png","timeStamp":1628565985340}],"result":"SUCCESS","precondition":false,"level":0},{"number":6,"description":"And I should see the products added to the cart","duration":651,"startTime":"2021-08-10T03:26:25.340Z[GMT]","screenshots":[{"screenshot":"2d5072c429495c075ccc3b15300482afe4a9df0343074dd1c7219217fd487e76.png","timeStamp":1628565985991}],"result":"SUCCESS","precondition":false,"level":0},{"number":7,"description":"And I am trying to purchase the product with my personal data \"ricardo,ospina,050001\"","duration":1631,"startTime":"2021-08-10T03:26:25.991Z[GMT]","screenshots":[{"screenshot":"f574cb6087d86f8d80b93b35f8cbf0edef3f7ab56e7e58ebf9d7932587d0a933.png","timeStamp":1628565987622}],"result":"SUCCESS","precondition":false,"level":0},{"number":8,"description":"Then I should see the thank you page","duration":602,"startTime":"2021-08-10T03:26:27.622Z[GMT]","screenshots":[{"screenshot":"72f23585c1c6257e3fc0aa684796d005787f3c7edb40cfc3c8dbe826d52fd54a.png","timeStamp":1628565988224}],"result":"SUCCESS","precondition":false,"level":0}],"userStory":{"id":"checkout","storyName":"checkout","path":"checkout.feature","type":"feature"},"featureTag":{"name":"checkout","type":"feature"},"title":"make a successful purchase","backgroundTitle":"","backgroundDescription":"","tags":[{"name":"checkout","type":"feature"},{"name":"Checkout","type":"tag"},{"name":"AllCases","type":"tag"},{"name":"TestCase_9","type":"tag"}],"startTime":"2021-08-10T03:26:21.992Z[GMT]","duration":6296,"projectKey":"","sessionId":"f6301371e786e9aa567d73e148f5c52c","driver":"remote","manual":false,"testSource":"Cucumber","result":"SUCCESS"}