{"name":"I should be able to log in to the application with the correct credentials.","id":"authentication;i-should-be-able-to-log-in-to-the-application-with-the-correct-credentials.","testSteps":[{"number":1,"description":"Example #1: {user_name\u003dstandard_user, password\u003dsecret_sauce}","duration":8672,"startTime":"2021-08-10T03:25:22.685Z[GMT]","screenshots":[{"screenshot":"72f23585c1c6257e3fc0aa684796d005787f3c7edb40cfc3c8dbe826d52fd54a.png","timeStamp":1628565931357}],"result":"SUCCESS","precondition":false,"level":0,"children":[{"number":2,"description":"Given I am on the site","duration":6650,"startTime":"2021-08-10T03:25:22.704Z[GMT]","screenshots":[{"screenshot":"3a59cd164c700ecec3c2b4728b66233085d72e1a32dec94a4fce49fe1550e5f9.png","timeStamp":1628565929352}],"result":"SUCCESS","precondition":false,"level":1},{"number":3,"description":"When I login with my \"standard_user\" and \"secret_sauce\"","duration":1454,"startTime":"2021-08-10T03:25:29.371Z[GMT]","screenshots":[{"screenshot":"72f23585c1c6257e3fc0aa684796d005787f3c7edb40cfc3c8dbe826d52fd54a.png","timeStamp":1628565930825}],"result":"SUCCESS","precondition":false,"level":1},{"number":4,"description":"Then I should see the product page","duration":530,"startTime":"2021-08-10T03:25:30.825Z[GMT]","screenshots":[{"screenshot":"72f23585c1c6257e3fc0aa684796d005787f3c7edb40cfc3c8dbe826d52fd54a.png","timeStamp":1628565931355}],"result":"SUCCESS","precondition":false,"level":1}]},{"number":5,"description":"Example #2: {user_name\u003dperformance_glitch_user, password\u003dsecret_sauce}","duration":8099,"startTime":"2021-08-10T03:25:31.446Z[GMT]","screenshots":[{"screenshot":"72f23585c1c6257e3fc0aa684796d005787f3c7edb40cfc3c8dbe826d52fd54a.png","timeStamp":1628565939545}],"result":"SUCCESS","precondition":false,"level":0,"children":[{"number":6,"description":"Given I am on the site","duration":1487,"startTime":"2021-08-10T03:25:31.450Z[GMT]","screenshots":[{"screenshot":"3a59cd164c700ecec3c2b4728b66233085d72e1a32dec94a4fce49fe1550e5f9.png","timeStamp":1628565932937}],"result":"SUCCESS","precondition":false,"level":1},{"number":7,"description":"When I login with my \"performance_glitch_user\" and \"secret_sauce\"","duration":6207,"startTime":"2021-08-10T03:25:32.938Z[GMT]","screenshots":[{"screenshot":"72f23585c1c6257e3fc0aa684796d005787f3c7edb40cfc3c8dbe826d52fd54a.png","timeStamp":1628565939145}],"result":"SUCCESS","precondition":false,"level":1},{"number":8,"description":"Then I should see the product page","duration":397,"startTime":"2021-08-10T03:25:39.146Z[GMT]","screenshots":[{"screenshot":"72f23585c1c6257e3fc0aa684796d005787f3c7edb40cfc3c8dbe826d52fd54a.png","timeStamp":1628565939543}],"result":"SUCCESS","precondition":false,"level":1}]}],"userStory":{"id":"authentication","storyName":"authentication","path":"auth.feature","type":"feature"},"featureTag":{"name":"authentication","type":"feature"},"title":"I should be able to log in to the application with the correct credentials.","tags":[{"name":"TestCase_1","type":"tag"},{"name":"AllCases","type":"tag"},{"name":"AuthCases","type":"tag"},{"name":"authentication","type":"feature"}],"startTime":"2021-08-10T03:25:21.561Z[GMT]","duration":37297,"projectKey":"","sessionId":"eb0c6f1f7e30f8a9679f107e2e5985b6","driver":"remote","dataTable":{"headers":["user_name","password"],"rows":[{"values":["standard_user","secret_sauce"],"result":"SUCCESS"},{"values":["performance_glitch_user","secret_sauce"],"result":"SUCCESS"}],"predefinedRows":true,"scenarioOutline":"Given I am on the site\n\rWhen I login with my \"\u003cuser_name\u003e\" and \"\u003cpassword\u003e\"\n\rThen I should see the product page\n\r","dataSetDescriptors":[{"startRow":0,"rowCount":0,"name":""}]},"manual":false,"testSource":"Cucumber","result":"SUCCESS","scenarioOutline":"Given I am on the site\n\rWhen I login with my \"\u003cuser_name\u003e\" and \"\u003cpassword\u003e\"\n\rThen I should see the product page\n\r"}