{"name":"I should be able to see the login page when I logout.","id":"authentication;i-should-be-able-to-see-the-login-page-when-i-logout.","testSteps":[{"number":1,"description":"Example #1: {user_name\u003dstandard_user, password\u003dsecret_sauce}","duration":3304,"startTime":"2021-08-10T03:26:15.128Z[GMT]","screenshots":[{"screenshot":"3a59cd164c700ecec3c2b4728b66233085d72e1a32dec94a4fce49fe1550e5f9.png","timeStamp":1628565978432}],"result":"SUCCESS","precondition":false,"level":0,"children":[{"number":2,"description":"Given I am on the site","duration":1144,"startTime":"2021-08-10T03:26:15.129Z[GMT]","screenshots":[{"screenshot":"3a59cd164c700ecec3c2b4728b66233085d72e1a32dec94a4fce49fe1550e5f9.png","timeStamp":1628565976273}],"result":"SUCCESS","precondition":false,"level":1},{"number":3,"description":"When I login with my \"standard_user\" and \"secret_sauce\"","duration":1058,"startTime":"2021-08-10T03:26:16.285Z[GMT]","screenshots":[{"screenshot":"93724f3a8c29ba51482074859492eef92725d045cba6626f547ce6be0883e287.png","timeStamp":1628565977343}],"result":"SUCCESS","precondition":false,"level":1},{"number":4,"description":"And I logout from the page","duration":685,"startTime":"2021-08-10T03:26:17.344Z[GMT]","screenshots":[{"screenshot":"3a59cd164c700ecec3c2b4728b66233085d72e1a32dec94a4fce49fe1550e5f9.png","timeStamp":1628565978029}],"result":"SUCCESS","precondition":false,"level":1},{"number":5,"description":"Then I should see the login page","duration":399,"startTime":"2021-08-10T03:26:18.029Z[GMT]","screenshots":[{"screenshot":"3a59cd164c700ecec3c2b4728b66233085d72e1a32dec94a4fce49fe1550e5f9.png","timeStamp":1628565978428}],"result":"SUCCESS","precondition":false,"level":1}]}],"userStory":{"id":"authentication","storyName":"authentication","path":"auth.feature","type":"feature"},"featureTag":{"name":"authentication","type":"feature"},"title":"I should be able to see the login page when I logout.","tags":[{"name":"AllCases","type":"tag"},{"name":"AuthCases","type":"tag"},{"name":"TestCase_4","type":"tag"},{"name":"authentication","type":"feature"}],"startTime":"2021-08-10T03:26:15.128Z[GMT]","duration":3917,"projectKey":"","sessionId":"5a18b97100a2885c091b06b839866eba","driver":"remote","dataTable":{"headers":["user_name","password"],"rows":[{"values":["standard_user","secret_sauce"],"result":"SUCCESS"}],"predefinedRows":true,"scenarioOutline":"Given I am on the site\n\rWhen I login with my \"\u003cuser_name\u003e\" and \"\u003cpassword\u003e\"\n\rAnd I logout from the page\n\rThen I should see the login page\n\r","dataSetDescriptors":[{"startRow":0,"rowCount":0,"name":""}]},"manual":false,"testSource":"Cucumber","result":"SUCCESS","scenarioOutline":"Given I am on the site\n\rWhen I login with my \"\u003cuser_name\u003e\" and \"\u003cpassword\u003e\"\n\rAnd I logout from the page\n\rThen I should see the login page\n\r"}