{"name":"I should see an error message when entering incorrect credentials.","id":"authentication;i-should-see-an-error-message-when-entering-incorrect-credentials.","testSteps":[{"number":1,"description":"Example #1: {user_name\u003dlocked_out_user, password\u003dasdad123, message\u003dEpic sadface: Username and password do not match any user in this service}","duration":2414,"startTime":"2021-08-10T03:25:58.860Z[GMT]","screenshots":[{"screenshot":"88479acd39808f9839c194f6b88c8ec62b5029a2139905e4f4fa8168cf8f767e.png","timeStamp":1628565961274}],"result":"SUCCESS","precondition":false,"level":0,"children":[{"number":2,"description":"Given I am on the site","duration":1271,"startTime":"2021-08-10T03:25:58.861Z[GMT]","screenshots":[{"screenshot":"3a59cd164c700ecec3c2b4728b66233085d72e1a32dec94a4fce49fe1550e5f9.png","timeStamp":1628565960131}],"result":"SUCCESS","precondition":false,"level":1},{"number":3,"description":"When I login with my \"locked_out_user\" and \"asdad123\"","duration":860,"startTime":"2021-08-10T03:26:00.138Z[GMT]","screenshots":[{"screenshot":"88479acd39808f9839c194f6b88c8ec62b5029a2139905e4f4fa8168cf8f767e.png","timeStamp":1628565960998}],"result":"SUCCESS","precondition":false,"level":1},{"number":4,"description":"Then I should see the error Epic sadface: Username and password do not match any user in this service","duration":272,"startTime":"2021-08-10T03:26:00.998Z[GMT]","screenshots":[{"screenshot":"88479acd39808f9839c194f6b88c8ec62b5029a2139905e4f4fa8168cf8f767e.png","timeStamp":1628565961270}],"result":"SUCCESS","precondition":false,"level":1}]},{"number":5,"description":"Example #2: {user_name\u003dfake_user, password\u003d\u003d-secret_sauce -, message\u003dEpic sadface: Username and password do not match any user in this service}","duration":2621,"startTime":"2021-08-10T03:26:01.348Z[GMT]","screenshots":[{"screenshot":"69cbfed035bd2220c5029db99d9bdc026eaa322e0d39ed61c2f31f987f2c6602.png","timeStamp":1628565963969}],"result":"SUCCESS","precondition":false,"level":0,"children":[{"number":6,"description":"Given I am on the site","duration":1381,"startTime":"2021-08-10T03:26:01.349Z[GMT]","screenshots":[{"screenshot":"3a59cd164c700ecec3c2b4728b66233085d72e1a32dec94a4fce49fe1550e5f9.png","timeStamp":1628565962730}],"result":"SUCCESS","precondition":false,"level":1},{"number":7,"description":"When I login with my \"fake_user\" and \"\u003d-secret_sauce -\"","duration":903,"startTime":"2021-08-10T03:26:02.731Z[GMT]","screenshots":[{"screenshot":"69cbfed035bd2220c5029db99d9bdc026eaa322e0d39ed61c2f31f987f2c6602.png","timeStamp":1628565963634}],"result":"SUCCESS","precondition":false,"level":1},{"number":8,"description":"Then I should see the error Epic sadface: Username and password do not match any user in this service","duration":333,"startTime":"2021-08-10T03:26:03.635Z[GMT]","screenshots":[{"screenshot":"69cbfed035bd2220c5029db99d9bdc026eaa322e0d39ed61c2f31f987f2c6602.png","timeStamp":1628565963967}],"result":"SUCCESS","precondition":false,"level":1}]},{"number":9,"description":"Example #3: {user_name\u003dstandard_user, password\u003dsecret_sauce  +, message\u003dEpic sadface: Username and password do not match any user in this service}","duration":3491,"startTime":"2021-08-10T03:26:04.043Z[GMT]","screenshots":[{"screenshot":"3ddd58332a446906250f63da8bece943b370ab6e67b46850b8a6ab7463e089e6.png","timeStamp":1628565967534}],"result":"SUCCESS","precondition":false,"level":0,"children":[{"number":10,"description":"Given I am on the site","duration":2349,"startTime":"2021-08-10T03:26:04.043Z[GMT]","screenshots":[{"screenshot":"3a59cd164c700ecec3c2b4728b66233085d72e1a32dec94a4fce49fe1550e5f9.png","timeStamp":1628565966392}],"result":"SUCCESS","precondition":false,"level":1},{"number":11,"description":"When I login with my \"standard_user\" and \"secret_sauce  +\"","duration":878,"startTime":"2021-08-10T03:26:06.392Z[GMT]","screenshots":[{"screenshot":"3ddd58332a446906250f63da8bece943b370ab6e67b46850b8a6ab7463e089e6.png","timeStamp":1628565967270}],"result":"SUCCESS","precondition":false,"level":1},{"number":12,"description":"Then I should see the error Epic sadface: Username and password do not match any user in this service","duration":262,"startTime":"2021-08-10T03:26:07.271Z[GMT]","screenshots":[{"screenshot":"3ddd58332a446906250f63da8bece943b370ab6e67b46850b8a6ab7463e089e6.png","timeStamp":1628565967532}],"result":"SUCCESS","precondition":false,"level":1}]}],"userStory":{"id":"authentication","storyName":"authentication","path":"auth.feature","type":"feature"},"featureTag":{"name":"authentication","type":"feature"},"title":"I should see an error message when entering incorrect credentials.","tags":[{"name":"TestCase_2","type":"tag"},{"name":"AllCases","type":"tag"},{"name":"AuthCases","type":"tag"},{"name":"authentication","type":"feature"}],"startTime":"2021-08-10T03:25:58.859Z[GMT]","duration":9219,"projectKey":"","sessionId":"284df4326e050f1ef33e56444c78798d","driver":"remote","dataTable":{"headers":["user_name","password","message"],"rows":[{"values":["locked_out_user","asdad123","Epic sadface: Username and password do not match any user in this service"],"result":"SUCCESS"},{"values":["fake_user","\u003d-secret_sauce -","Epic sadface: Username and password do not match any user in this service"],"result":"SUCCESS"},{"values":["standard_user","secret_sauce  +","Epic sadface: Username and password do not match any user in this service"],"result":"SUCCESS"}],"predefinedRows":true,"scenarioOutline":"Given I am on the site\n\rWhen I login with my \"\u003cuser_name\u003e\" and \"\u003cpassword\u003e\"\n\rThen I should see the error \u003cmessage\u003e\n\r","dataSetDescriptors":[{"startRow":0,"rowCount":0,"name":""}]},"manual":false,"testSource":"Cucumber","result":"SUCCESS","scenarioOutline":"Given I am on the site\n\rWhen I login with my \"\u003cuser_name\u003e\" and \"\u003cpassword\u003e\"\n\rThen I should see the error \u003cmessage\u003e\n\r"}